image_page,level,chinese,english,code,confidence,malignant_primary,malignant_secondary,in_situ,benign,uncertain_or_unspecified
1451,3,椎-基底动脉,vertebro-basilar artery,G45.0,0.9883333444595337,,,,,
1451,3,椎板切除术后 NEC .,postlaminectomy NEC,M96.1,0.9888228178024292,,,,,
1451,3,锥体束外,extrapyramidal,G25.9,0.9918549656867981,,,,,
1451,4,特指的NEC,specified NEC,G25.8,0.9517773389816284,,,,,
1451,3,灼热足,burning feet,E53.9,0.956612765789032,,,,,
1451,3,灼性神经痛,causalgia,G56.4,0.9883989095687866,,,,,
1451,3,自身免疫性多腺体,autoimmune polyglandular,E31.0,0.9862300753593445,,,,,
1451,3,自身红细胞致敏(加德纳-戴蒙德),autoerythrocyte sensitization (Gardner-Diamond),D69.2,0.9943554997444153,,,,,
1451,3,组织细胞增多病 NEC,histiocytosis NEC,D76.3,0.9824493527412415,,,,,
1451,3,左心发育不全,hypoplastic left-heart,Q23.4,0.9923644661903381,,,,,
1451,1,zōng 棕,,,0.9993585348129272,,,,,
1451,2,棕色霉菌病-见着色真菌病,Pheomycosis - see Chromomycosis,,0.9874215126037598,,,,,
1451,2,棕色丝状霉菌病(另见着色真菌病),Pheohyphomycosis (see also Chromomycosis),B43.9,0.9999276995658875,,,,,
1451,1,zòng 纵,,,0.9677760004997253,,,,,
1451,2,纵隔的 - 见情况,"Mediastinum, mediastinal - see condition",,0.9295719861984253,,,,,
1451,2,纵隔积气,Pneumomediastinum,J98.2,0.9999836683273315,,,,,
1451,3,先天性或围生儿,congenital or perinatal,P25.2,0.9746604561805725,,,,,
1451,2,纵隔心包炎(另见心包炎),Mediastinopericarditis (see also Pericarditis),I31.9,0.9889799952507019,,,,,
1451,3,慢性风湿性,chronic rheumatic,I09.2,0.9569498300552368,,,,,
1451,2,纵隔炎(急性)(慢性),Mediastinitis (acute) (chronic),J98.5,0.9977856278419495,,,,,
1451,3,结核性,tuberculous,A16.8,0.9866732358932495,,,,,
1451,4,伴有细菌学和组织学证实,with bacteriological and histological confirmation,A15.8,0.9923749566078186,,,,,
1451,3,梅毒性,syphilitic,A52.7+ J99.8*,0.9488048553466797,,,,,
1451,2,纵火,Fire-setting,,0.9799942970275879,,,,,
1451,3,病理性(强迫性),pathological (compulsive),F63.1,0.9853636622428894,,,,,
1451,3,不伴有精神障碍表现,without manifest psychiatric disorder,Z03.2,0.9946973919868469,,,,,
1451,2,纵火狂,Pyromania,F63.1,0.9830843806266785,,,,,
1451,2,纵纹或纵沟，甲,"Longitudinal stripes or grooves, nails",L60.8,0.9996781349182129,,,,,
1451,3,先天性,congenital,Q84.6,0.9942499995231628,,,,,
1451,1,zǒu 走,,,0.9093759655952454,,,,,
1451,2,走路不稳,Unsteadiness on feet,R26.8,0.9998619556427002,,,,,
1451,2,走马疳(感染性),Noma (infective),A69.0,0.9938021302223206,,,,,
1451,3,耳廓,auricle,R02,0.9559388160705566,,,,,
1451,3,外阴,vulvae,N76.8,0.9925023317337036,,,,,
1451,3,阴部,pudendi,N76.8,0.9895153045654297,,,,,
1452,1,zú 足,,,,,,,,
1452,2,足凹陷(先天性),Hollow foot (congenital),Q66.7,0.9998981952667236,,,,,
1452,3,后天性,acquired,M21.6,0.9844616055488586,,,,,
1452,2,足的 - 见情况,"Feet, Foot - see condition",,0.9639009237289429,,,,,
1452,2,足分支菌病 -另见 足菌肿,"Maduromycosis, Mycetoma - see also Mycetoma",B47.0,0.9678914546966553,,,,,
1452,2,未特指的,Madura foot,B47.9,0.9930504560470581,,,,,
1452,3,真菌性,mycotic,B47.0,0.9638924598693848,,,,,
1452,2,足弓下陷,Fallen arches,M21.4,0.9812223315238953,,,,,
1452,2,足畸形(先天性)(另见畸形足),"Pes, deformity (congenital) (see also Talipes)",Q66.8,0.9978358149528503,,,,,
1452,3,后天性NEC,acquired NEC,M21.6,0.9881771802902222,,,,,
1452,3,内收,adductus,Q66.8,0.9803863167762756,,,,,
1452,2,足菌肿,Mycetoma,B47.9,0.9894018769264221,,,,,
1452,3,放线菌病性,actinomycotic,B47.1,0.9956666231155396,,,,,
1452,3,骨(真菌性),bone (mycotic),B47.9+ M90.2*,0.9694342613220215,,,,,
1452,3,马杜拉 NEC,madurae NEC,B47.9,0.9122381210327148,,,,,
1452,4,真菌性,mycotic,B47.0,0.9830287098884583,,,,,
1452,3,诺卡菌性,nocardial,B47.1,0.9154481291770935,,,,,
1452,3,真菌性,eumycotic/mycotic,B47.0,0.967415452003479,,,,,
1452,3,足,foot,B47.9,0.9893168807029724,,,,,
1452,4,放线菌病性,actinomycotic,B47.1,0.952306866645813,,,,,
1452,4,真菌性,mycotic,B47.0,0.98558109998703,,,,,
1452,3,足分支菌性,maduromycotic,B47.0,0.9881110787391663,,,,,
1452,2,足痛风,Podagra,M10.9,0.98293536901474,,,,,
1452,1,zú 卒,,,0.902788519859314,,,,,
1452,2,卒中 - 见卒中[拼音：cù zhòng(发音：促众)],"Apoplexia, Apoplexy, Apoplectic, Stroke",,0.9735555648803711,,,,,
1452,1,zǔ 阻,,,0.9953694939613342,,,,,
1452,2,阻断,Interruption,,0.9998723268508911,,,,,
1452,3,希氏束,bundle of His,I44.3,0.9417389631271362,,,,,
1452,2,阻塞(性)-另见梗阻,"Obstructed, obstructive - see also Obstruction",,0.9956464171409607,,,,,
1452,3,二尖瓣-见狭窄，二尖瓣,"mitral - see Stenosis, mitral",,0.9881938099861145,,,,,
1452,3,三尖(瓣)-见狭窄，三尖瓣,"tricuspid (valve) - see Stenosis, tricuspid",,0.991149365901947,,,,,
1452,3,阿-基,Arnold-Chiari,Q07.0,0.9938825964927673,,,,,
1452,3,瓣膜-见心内膜炎,valvular - see Endocarditis,,0.9958747625350952,,,,,
1452,3,贲门 NEC,cardia NEC,K22.2,0.9783230423927307,,,,,
1452,3,鼻,"nasal, nose",J34.8,0.989517092704773,,,,,
1452,3,鼻窦(旁窦),sinus (accessory)(nasal),J34.8,0.9791741967201233,,,,,
1453,3,鼻泪管,"lacrimonasal, nasolacrimal duct",H04.5,0.9990552067756653,,,,,
1453,4,先天性,congenital,Q10.5,0.9490795731544495,,,,,
1453,3,鼻咽,nasopharynx,J39.2,0.9936701655387878,,,,,
1453,3,动脉(另见栓塞，动脉),"artery (see also Embolism, artery)",I74.9,0.9622060060501099,,,,,
1453,4,基底(完全性)(部分性)(另见闭塞，动脉，基底),"basilar (complete) (partial) (see also Occlusion, artery, basilar)",I65.1,0.9685430526733398,,,,,
1453,4,颈(完全性)(部分性)(另见闭塞，动脉，颈),"carotid (complete) (partial) (see also Occlusion, artery, carotid)",I65.2,0.9331896901130676,,,,,
1453,4,入脑前(另见闭塞，动脉，入脑前),"precerebral (see also Occlusion, artery, precerebral)",I65.9,0.9616714715957642,,,,,
1453,4,肾,renal,N28.0,0.958610475063324,,,,,
1453,4,视网膜 NEC,retinal NEC,H34.2,0.9693954586982727,,,,,
1453,5,短暂性,transient,H34.0,0.9237045645713806,,,,,
1453,5,中央,central,H34.1,0.9383529424667358,,,,,
1453,4,椎(完全性)(部分性)(另见闭塞，动脉，椎),"vertebral (complete) (partial) (see also Occlusion, artery, vertebral)",I65.0,0.9727334976196289,,,,,
1453,3,耳道,"canal, ear",H61.3,0.9948014616966248,,,,,
1453,3,肺,lung,J98.4,0.9540834426879883,,,,,
1453,4,病，慢性,"disease, chronic",J44.9,0.9780414700508118,,,,,
1453,3,肺(心脏)瓣膜,pulmonary valve (heart),I37.0,0.9855436682701111,,,,,
1453,3,粪便,fecal,K56.4,0.9669575691223145,,,,,
1453,4,伴有疝(另见疝，按部位，伴有梗阻),"with hernia (see also Hernia, by site, with obstruction)",K46.0,0.9842097759246826,,,,,
1453,3,肝,hepatic,K76.8,0.9577204585075378,,,,,
1453,4,管(非结石性),duct (noncalculous),K83.1,0.9825305342674255,,,,,
1453,3,冠状(动脉),coronary (artery),I25.1,0.9658659100532532,,,,,
1453,3,喉 NEC,larynx NEC,J38.6,0.9828401207923889,,,,,
1453,4,先天性,congenital,Q31.8,0.9572733044624329,,,,,
1453,3,呼吸道，慢性,"respiratory, chronic",J44.9,0.9886027574539185,,,,,
1453,3,静脉,"vein, venous",I87.1,0.9723727703094482,,,,,
1453,4,腔(下)(上),caval (inferior) (superior),I87.1,0.8762568831443787,,,,,
1453,4,血栓形成性-见血栓形成,thrombotic — see Thrombosis,,0.928618311882019,,,,,
1453,3,泪(管)(道),lacrimal (duct) (passages),H04.5,0.9771104454994202,,,,,
1453,4,先天性,congenital,Q10.5,0.9483672976493835,,,,,
1453,3,淋巴管,lymphatic,I89.0,0.9416309595108032,,,,,
1453,3,门(循环)(静脉),portal (circulation) (vein),I81,0.9624916315078735,,,,,
1453,3,门罗孔[室间孔](先天性),foramen of Monro (congenital),Q03.8,0.9963017702102661,,,,,
1453,4,伴有脊柱裂(另见脊柱裂，伴有脑积水),"with spina bifida (see also Spina bifida, with hydrocephalus)",Q05.4,0.9854869842529297,,,,,
1453,3,泌尿(中部),urinary (moderate),N13.9,0.9637691378593445,,,,,
1453,4,器官或道,organ or tract,N13.9,0.9759168028831482,,,,,
1453,4,前列腺瓣,prostatic valve,N32.0,0.98236083984375,,,,,
1453,3,尿道 NEC,urethra NEC,N36.8,0.9435006380081177,,,,,
1453,4,先天性,congenital,Q64.3,0.9455327391624451,,,,,
1454,3,膀胱NEC,vesical NEC,N32.0,0.956541121006012,,,,,
1454,3,膀胱颈(后天性),bladder-neck (acquired),N32.0,0.9745393395423889,,,,,
1454,3,膀胱尿道口,vesicourethral orifice,N32.0,0.9630188941955566,,,,,
1454,4,先天性,congenital,Q64.3,0.9079545736312866,,,,,
1454,3,器官或部位，先天性NEC-见闭锁，按部位,"organ or site, congenital NEC - see Atresia, by site",,0.9936736226081848,,,,,
1454,3,气道,airway,J98.8,0.9856677055358887,,,,,
1454,4,伴有,with,,0.901148796081543,,,,,
1454,5,变应性肺泡炎,allergic alveolitis,J67.9,0.9656667113304138,,,,,
1454,5,肺气肿,emphysema,J43.9,0.9584807753562927,,,,,
1454,5,哮喘NEC,asthma NEC,J45.9,0.9839850664138794,,,,,
1454,5,支气管扩张,bronchiectasis,J47,0.9706199169158936,,,,,
1454,5,支气管炎(慢性),bronchitis (chronic),J44.8,0.9806945323944092,,,,,
1454,4,慢性,chronic,J44.9,0.9685105085372925,,,,,
1454,3,气管,trachea,J39.8,0.9827033877372742,,,,,
1454,3,气管造口术气道,tracheostomy airway,J95.0,0.9744096994400024,,,,,
1454,3,前列腺,prostate,N40,0.9636971950531006,,,,,
1454,3,腔静脉(下)(上),"caval veins, vena cava (inferior) (superior)",I87.1,0.9799126982688904,,,,,
1454,3,腮管,parotid duct,K11.8,0.9971781969070435,,,,,
1454,3,上呼吸道，先天性,"upper respiratory, congenital",Q34.8,0.9898572564125061,,,,,
1454,3,射精管,ejaculatory duct,N50.8,0.9817549586296082,,,,,
1454,3,肾,renal,,0.9599005579948425,,,,,
1454,4,出口,outflow,N13.8,0.9139149785041809,,,,,
1454,4,盂，先天性,"pelvis, congenital",Q62.3,0.9636593461036682,,,,,
1454,3,肾盂肾炎(慢性),pyelonephritis (chronic),N11.1,0.9870972633361816,,,,,
1454,3,肾盂输尿管连接处,pelviureteral junction,N13.5,0.9859917759895325,,,,,
1454,3,食管,esophagus,K22.2,0.9793079495429993,,,,,
1454,3,视网膜(血管),retinal (vessels),H34.9,0.9699327349662781,,,,,
1454,4,特指的NEC,specified NEC,H34.8,0.9794078469276428,,,,,
1454,3,输卵管(双侧),fallopian tube (bilateral),N97.1,0.9838741421699524,,,,,
1454,3,输尿管(功能性) NEC,ureter (functional) NEC,N13.5,0.9663726687431335,,,,,
1454,4,伴有,with,,0.859992504119873,,,,,
1454,5,肾积水,hydronephrosis,N13.1,0.9373478293418884,,,,,
1454,6,和感染,and infection,N13.6,0.9708665609359741,,,,,
1454,5,肾盂肾炎(慢性),pyelonephritis (chronic) .,N11.1,0.9802996516227722,,,,,
1454,4,肾盂连接处(伴有),pelvic junction (with),N13.5,0.9783654808998108,,,,,
1454,5,肾积水,hydronephrosis,N13.0,0.9798042178153992,,,,,
1454,6,和感染,and infection,N13.6,0.9615547060966492,,,,,
1454,5,肾盂肾炎(慢性),pyelonephritis (chronic),N11.1,0.9683305621147156,,,,,
1454,4,先天性,congenital,Q62.3,0.9699665307998657,,,,,
1454,4,由于结石(另见结石，输尿管),"due to calculus (see also Calculus, ureter)",N20.1,0.9758529663085938,,,,,
1454,3,斯滕森管[腮腺管],Stensen's duct,K11.8,0.9962272644042969,,,,,
1454,3,胎粪栓塞，新生儿,"meconium plug, newborn",P76.0,0.9925445914268494,,,,,
1454,4,粘液粘稠病中,in mucoviscidosis,E84.1+ P75*,0.9514460563659668,,,,,
1455,3,胃NEC,stomach NEC,K31.8,0.9672219753265381,,,,,
1455,4,先天性,congenital,Q40.2,0.9206727147102356,,,,,
1455,4,由于幽门痉挛,due to pylorospasm,K31.3,0.9454602599143982,,,,,
1455,3,胃出口,gastric outlet,K31.1,0.981987476348877,,,,,
1455,3,西尔维于斯导水管,aqueduct of Sylvius,G91.1,0.9906637072563171,,,,,
1455,4,先天性,congenital,Q03.0,0.9569686651229858,,,,,
1455,5,伴有脊柱裂(另见脊柱裂，伴有脑积水).,"with spina bifida (see also Spina bifida,with hydrocephalus)",Q05.4,0.9796817898750305,,,,,
1455,3,下颌下管,submandibular duct,K11.8,0.9393364787101746,,,,,
1455,3,涎腺管(任何),salivary duct (any),K11.8,0.9814853668212891,,,,,
1455,3,胸导管,thoracic duct,I89.0,0.9474799036979675,,,,,
1455,3,血管NEC,vessel NEC,I99,0.9164875149726868,,,,,
1455,3,血栓形成性-见 血栓形成,thrombotic - see Thrombosis,,0.9651238322257996,,,,,
1455,3,循环系,circulatory,I99,0.9722208380699158,,,,,
1455,3,咽,pharynx,J39.2,0.9526978731155396,,,,,
1455,3,咽鼓管(完全性)(部分性),eustachian tube (complete) (partial),H68.1,0.9902032613754272,,,,,
1455,3,胰管,pancreatic duct,K86.8,0.9942007660865784,,,,,
1455,3,异物(引起的)-见异物,foreign body (causing)- see Foreign body,,0.9657873511314392,,,,,
1455,3,阴道,vagina,N89.5,0.9924395680427551,,,,,
1455,3,幽门,pylorus,,0.955862283706665,,,,,
1455,4,成人,adult,K31.1,0.9457714557647705,,,,,
1455,4,先天性或婴儿,congenital or infantile,Q40.0,0.9488292336463928,,,,,
1455,3,由于异物意外遗留于手术伤口中,due to foreign body accidentally left in operation wound,T81.5,0.9611842632293701,,,,,
1455,3,支气管,bronchus,J98.0,0.9887474179267883,,,,,
1455,3,主动脉(心脏)(瓣膜)(另见狭窄，主动脉),"aortic (heart) (valve) (see also Stenosis, aortic)",I35.0,0.9621289372444153,,,,,
1455,4,风湿性,rheumatic,I06.0,0.9632318019866943,,,,,
1455,3,装置、植入物或移植物(另见并发症，按部位和类型),"device, implant or graft (see also Complications, by site and type)",T85.6,0.9853892922401428,,,,,
1455,4,导管NEC,catheter NEC,T85.6,0.980997622013092,,,,,
1455,5,泌尿系(留置),urinary (indwelling),T83.0,0.9679158329963684,,,,,
1455,5,输注 NEC,infusion NEC,T82.5,0.9410657286643982,,,,,
1455,6,脊髓(硬膜外)(硬膜下),spinal (epidural) (subdural),T85.6,0.9581957459449768,,,,,
1455,5,透析(肾),dialysis (renal),T82.4,0.9768022298812866,,,,,
1455,6,腹膜内,intraperitoneal,T85.6,0.9795903563499451,,,,,
1455,4,动脉移植物 NEC,arterial graft NEC,T82.3,0.9426474571228027,,,,,
1455,5,冠状动脉(搭桥术),coronary(bypass),T82.2,0.9583991765975952,,,,,
1455,4,关节假体,joint prosthesis,T84.0,0.9432096481323242,,,,,
1455,4,矫形外科 NEC,orthopedic NEC,T84.4,0.9534634947776794,,,,,
1455,4,泌尿系NEC,urinary NEC,T83.1,0.975736677646637,,,,,
1455,5,移植物,graft,T83.2,0.9771162271499634,,,,,
1455,4,脑室颅内分流,entricular intracranial shunt,T85.0,0.9885352253913879,,,,,
1455,4,生殖道 NEC,genital NEC,T83.4,0.9607144594192505,,,,,
1455,5,子宫内避孕装置,intrauterine contraceptive device,T83.3,0.9861313700675964,,,,,
1456,4,特指的 NEC,specified NEC,T85.6,0.9542562365531921,,,,,
1456,4,胃肠(胆管)(食管),gastrointestinal (bile duct) (esophagus),T85.5,0.9454059600830078,,,,,
1456,4,心脏 NEC,heart NEC,T82.5,0.971034586429596,,,,,
1456,5,瓣膜(假体),valve (prosthesis),T82.0,0.9685545563697815,,,,,
1456,6,移植物,graft,T82.2,0.9497944116592407,,,,,
1456,4,血管NEC,vascular NEC,T82.5,0.9581688642501831,,,,,
1456,4,由于感染,due to infection,T85.7,0.9516794681549072,,,,,
1456,3,子宫,uterus,N85.8,0.9834108948707581,,,,,
1456,3,总(胆)管(非结石性),common (bile) duct (noncalculous),K83.1,0.9840933680534363,,,,,
1456,2,阻生,"Impaction, impacted",,0.9955040812492371,,,,,
1456,3,磨牙-见阻生，牙,"molar – see Impaction, tooth",,0.962411642074585,,,,,
1456,3,牙,"dental, tooth, teeth",K01.1,0.9136073589324951,,,,,
1456,4,伴有位置异常(同一牙或邻近牙),with abnormal position (same or adjacent tooth),K07.3,0.9813033938407898,,,,,
1456,2,阻滞(传导),Block,,0.9995920062065125,,,,,
1456,3,二束,bifascicular,I45.2,0.9913673400878906,,,,,
1456,3,三束,trifascicular,I45.3,0.9687367081642151,,,,,
1456,3,传导,conduction,I45.9,0.9809565544128418,,,,,
1456,3,第四脑室正中孔(后天性),foramen Magendie (acquired),G91.1,0.9964926242828369,,,,,
1456,4,先天性,congenital,Q03.1,0.9659610390663147,,,,,
1456,5,伴有脊柱裂(另见脊柱裂，伴有脑积水),"with spina bifida (see also Spina bifida,with hydrocephalus)",Q05.4,0.9635140299797058,,,,,
1456,3,窦房,"sinoatrial, sinoauricular",I45.5,0.9778921604156494,,,,,
1456,3,房室(不完全)(部分),"atrioventricular, auriculoventricular (incomplete) (partial)",I44.3,0.9723173975944519,,,,,
1456,4,Ⅰ和Ⅱ型,types I and II,I44.1,0.9067524075508118,,,,,
1456,4,度,first degree,I44.0,0.910620927810669,,,,,
1456,4,二度(Ⅰ和Ⅱ型),second degree (types I and II),I44.1,0.9121208190917969,,,,,
1456,4,特指的 NEC,specified NEC,I44.3,0.9275333285331726,,,,,
1456,4,完全,complete,I44.2,0.9454383850097656,,,,,
1456,3,肺泡毛细血管,alveolocapillary,J84.1,0.9982653856277466,,,,,
1456,3,肝静脉,hepatic vein,I82.0,0.9507105350494385,,,,,
1456,3,结性,nodal,I45.5,0.9580348134040833,,,,,
1456,3,静脉 NEC,vein NEC,I82.9,0.9208389520645142,,,,,
1456,3,门(静脉),portal (vein),I81,0.9449983239173889,,,,,
1456,3,默比茨(Ⅰ和Ⅱ型).,Möbitz (types I and II),I44.1,0.9645654559135437,,,,,
1456,3,脑室内(非特异的),intraventricular (nonspecific),I45.4,0.9676925539970398,,,,,
1456,3,器官或部位，先天性NEC-见闭锁，按部位,"organ or site, congenital NEC – see Atresia, by site",,0.9904568791389465,,,,,
1456,3,肾(另见衰竭，肾),"kidney (see also Failure, renal)",N19,0.9669572114944458,,,,,
1456,4,膀胱镜检查后或操作后,postcystoscopic or postprocedural,N99.0,0.9858859777450562,,,,,
1456,3,输卵管,tubal,N97.1,0.9352839589118958,,,,,
1456,3,树枝分枝性(心脏),arborization (heart),I45.5,0.9709866642951965,,,,,
1457,3,束(左),fascicular (left),I44.6,0.9698111414909363,,,,,
1457,4,前,anterior,I44.4,0.9122962951660156,,,,,
1457,4,后,posterior,I44.5,0.8082895874977112,,,,,
1457,4,右,right,I45.0,0.8506715297698975,,,,,
1457,3,束支(完全)(假)(不完全),bundle-branch (complete) (false) (incomplete),I45.4,0.9801099896430969,,,,,
1457,4,威尔逊型,Wilson's type,I45.1,0.9568769335746765,,,,,
1457,4,右,right,I45.0,0.8883776664733887,,,,,
1457,5,未特指的,Unspecified,I45.1,0.9359643459320068,,,,,
1457,4,左,left,I44.6,0.8352664709091187,,,,,
1457,5,半传导阻滞,hemiblock,I44.6,0.9095036387443542,,,,,
1457,6,前,anterior,I44.4,0.9340670704841614,,,,,
1457,6,后,posterior,I44.5,0.8614133596420288,,,,,
1457,4,未特指的,Unspecified,I44.7,0.9625806212425232,,,,,
1457,3,文克巴赫(Ⅰ和Ⅱ型),Wenckebach (types I and II),I44.1,0.9811999797821045,,,,,
1457,3,心肌(另见阻滞，心脏),"myocardial (see also Block, heart)",I45.9,0.9751437902450562,,,,,
1457,3,心律失常性,arrhythmic,I45.9,0.9595640897750854,,,,,
1457,3,心脏,"cardiac, heart",I45.9,0.9769341349601746,,,,,
1457,4,度(房室),first degree (atrioventricular),I44.0,0.9621965289115906,,,,,
1457,4,二度(房室),second degree (atrioventricular),I44.1,0.9239524602890015,,,,,
1457,4,三度(房室),third degree (atrioventricular),I44.2,0.9275017380714417,,,,,
1457,4,特指类型NEC,specified type NEC,I45.5,0.9850143790245056,,,,,
1457,4,完全(房室),complete (atrioventricular),I44.2,0.9551903605461121,,,,,
1457,4,先天性,congenital,Q24.6,0.9630556106567383,,,,,
1457,1,zǔ 组,,,0.9963318705558777,,,,,
1457,2,组氨酸血症，组氨酸尿,"Histidinemia, histidinuria",E70.8,0.9993969202041626,,,,,
1457,2,组织胞浆菌病,Histoplasmosis,B39.9,0.999931275844574,,,,,
1457,3,伴有肺炎 NEC,with pneumonia NEC,B39.2+ J17.2*,0.949724555015564,,,,,
1457,3,达林,Darling's,B39.4,0.9636521935462952,,,,,
1457,3,杜波依西变种,duboisii,B39.5,0.9719895124435425,,,,,
1457,3,非洲,African,B39.5,0.9537086486816406,,,,,
1457,3,肺NEC,lung NEC,B39.2+ J99.8*,0.9558081030845642,,,,,
1457,3,荚膜,capsulati,B39.4,0.9412600994110107,,,,,
1457,4,播散性,disseminated,B39.3,0.9855853319168091,,,,,
1457,4,肺,pulmonary,B39.2+ J99.8*,0.976451575756073,,,,,
1457,5,急性,acute,B39.0+ J99.8*,0.9744120240211487,,,,,
1457,5,慢性,chronic,B39.1+ J99.8*,0.9752869606018066,,,,,
1457,4,全身性,generalized,B39.3,0.9814215898513794,,,,,
1457,3,美洲-见组织胞浆菌病，荚膜,"American – see Histoplasmosis, capsulati",,0.97209233045578,,,,,
1457,2,组织的-见情况,Tissue – see condition,,0.9739583730697632,,,,,
1457,2,组织内氧过多,Hyperoxia,T59.8,0.999968945980072,,,,,
1458,3,纤维(M8830/0)-另见肿瘤，皮肤，良性,"fibrous (M8830/0) - see also Neoplasm, skin, benign",,0.9752421379089355,,,,,
1458,4,恶性(M8830/3)-见肿瘤，结缔组织，恶性,"malignant (M8830/3) - see Neoplasm, connective tissue, malignant",,0.9656727313995361,,,,,
1458,4,非典型(M8830/1)-见肿瘤，结缔组织，动态未定,"atypical (M8830/1) - see Neoplasm, connective tissue, uncertain behavior",,0.980961799621582,,,,,
1458,2,组织细胞增多症,Histiocytosis,D76.3,0.9825445413589478,,,,,
1458,3,X,X,D76.0,0.9984238743782043,,,,,
1458,4,急性(进行性)(M9722/3),acute (progressive)(M9722/3),C96.0,0.9836098551750183,,,,,
1458,4,慢性,chronic,D76.0,0.9657471776008606,,,,,
1458,3,单核吞噬细胞 NEC,mononuclear phagocytes NEC,D76.1,0.9779670834541321,,,,,
1458,4,朗格汉斯细胞,Langerhans'cells,D76.0,0.986272931098938,,,,,
1458,3,窦，伴有大块性淋巴结病,"sinus, with massive lymphadenopathy",D76.3,0.9972903728485107,,,,,
1458,3,恶性(M9720/3),malignant (M9720/3),C96.1,0.978207528591156,,,,,
1458,3,急性分化进行性(M9722/3),acute differentiated progressive (M9722/3),C96.0,0.9738944172859192,,,,,
1458,3,朗格汉斯细胞 NEC,Langerhans' cell NEC,D76.0,0.9755597114562988,,,,,
1458,3,综合征NEC,syndrome NEC,D76.3,0.9873701333999634,,,,,
1458,1,zǔ 祖,,,0.9981781840324402,,,,,
1458,2,祖德克萎缩、祖德克病或祖德克综合征[创伤后骨质疏松],"Sudeck's atrophy, disease or syndrome",M89.0,0.9918538331985474,,,,,
1458,1,zuì 醉,,,0.9119682312011719,,,,,
1458,2,醉酒 NEC,"Drunkenness, Intoxicated, Intoxication NEC",F10.0,0.9617087244987488,,,,,
1458,3,病理性,pathological,F10.0,0.9829127192497253,,,,,
1458,3,病理性特应性NEC,pathologic NEC,F10.0,0.9700987935066223,,,,,
1458,3,酒精中毒中的急性,acute in alcoholism,F10.0,0.9942393898963928,,,,,
1458,3,慢性,chronic,F10.2,0.9420743584632874,,,,,
1458,2,醉癖,Inebriety,F10.0,0.9979628920555115,,,,,
1458,1,zuǒ 左,,,0.9998791813850403,,,,,
1458,2,左半侧结肠炎,"Hemicolitis, left",K51.5,0.9615306258201599,,,,,
1458,2,左位心(孤立性),Levocardia (isolated),Q24.1,0.9740148782730103,,,,,
1458,2,左右心室衰竭(心脏),Biventricular failure (heart),I50.0,0.9849385619163513,,,,,
1458,2,左转位,Levotransposition,Q20.5,0.9780040383338928,,,,,
1458,1,zuǒ 佐,,,0.9998505115509033,,,,,
1458,2,佐林格-埃利森综合征,Zollinger-Ellison syndrome,E16.4,0.9773697853088379,,,,,
1459,1,zuò 坐,,,0.9216778874397278,,,,,
1459,2,坐骨大孔的 - 见情况,Sciatic - see condition,,0.9219889044761658,,,,,
1459,2,坐骨的 - 见情况,"Ischium, ischial - see condition",,0.9611856937408447,,,,,
1459,2,坐骨棘的 - 见情况,Ischial spine - see condition,,0.9694077372550964,,,,,
1459,2,坐骨联胎,Ischiopagus,Q89.4,0.9915433526039124,,,,,
1459,2,坐骨神经痛(感染性),"Ischialgia, Sciatica (infective)",M54.3,0.9922620058059692,,,,,
1459,3,伴有腰痛,with lumbago,M54.4,0.9936448335647583,,,,,
1459,4,由于椎间盘疾患,due to intervertebral disk disorder,M51.1+ G55.1*,0.9620754718780518,,,,,
1459,3,由于椎间盘移位(伴有腰痛),due to displacement of intervertebral disk (with lumbago),M51.1+ G55.1*,0.9733270406723022,,,,,
